""	"baseMean"	"log2FoldChange"	"lfcSE"	"stat"	"pvalue"	"padj"	"Kingdom"	"Phylum"	"Class"	"Order"	"Family"	"Genus"	"Species"
"OTU_2"	0	NA	NA	NA	NA	NA	"Bacteria"	"Firmicutes"	"Clostridia"	"Oscillospirales"	"Oscillospiraceae"	"UCG-002"	"Unclassified _UCG-002"
"OTU_4"	0.038768808427743	-0.0738338521179686	2.91796305837958	-0.0253032168813578	0.979813108053664	NA	"Bacteria"	"Firmicutes"	"Clostridia"	"Peptostreptococcales-Tissierellales"	"Anaerovoracaceae"	"[Eubacterium]_nodatum_group"	"Unclassified _[Eubacterium]_nodatum_group"
"OTU_8"	0	NA	NA	NA	NA	NA	"Bacteria"	"Spirochaetota"	"Spirochaetia"	"Spirochaetales"	"Spirochaetaceae"	"Sphaerochaeta"	"Unclassified _Sphaerochaeta"
"OTU_16"	0	NA	NA	NA	NA	NA	"Bacteria"	"Firmicutes"	"Negativicutes"	"Veillonellales-Selenomonadales"	"Selenomonadaceae"	"Mitsuokella"	"Unclassified _Mitsuokella"
"OTU_17"	2.0860495549251	2.9894083976235	0.774617084940944	3.85920793091133	0.00011375512024103	0.000796285841687211	"Eukaryota"	"Vertebrata"	"Mammalia"	"Unclassified_Mammalia"	"Unclassified_Mammalia"	"Unclassified_Mammalia"	"Unclassified_Mammalia"
"OTU_19"	0	NA	NA	NA	NA	NA	"Bacteria"	"Bacteroidota"	"Bacteroidia"	"Bacteroidales"	"Prevotellaceae"	"Prevotellaceae_NK3B31_group"	"Unclassified _Prevotellaceae_NK3B31_group"
"OTU_20"	0	NA	NA	NA	NA	NA	"Bacteria"	"Firmicutes"	"Clostridia"	"Clostridia_vadinBB60_group"	"Unclassified_Clostridia_vadinBB60_group"	"Unclassified_Clostridia_vadinBB60_group"	"Unclassified_Clostridia_vadinBB60_group"
"OTU_23"	56.8105540553178	-0.581165145793251	0.378457076678533	-1.5356170662569	0.124632326023025	0.174485256432234	"Bacteria"	"Actinobacteriota"	"Actinobacteria"	"Micrococcales"	"Micrococcaceae"	"Rothia"	"Unclassified _Rothia"
"OTU_24"	0	NA	NA	NA	NA	NA	"Bacteria"	"Bacteroidota"	"Bacteroidia"	"Bacteroidales"	"Rikenellaceae"	"Rikenellaceae_RC9_gut_group"	"Unclassified _Rikenellaceae_RC9_gut_group"
"OTU_25"	0	NA	NA	NA	NA	NA	"Bacteria"	"Bacteroidota"	"Bacteroidia"	"Bacteroidales"	"Prevotellaceae"	"Prevotella_9"	"Unclassified _Prevotella_9"
"OTU_28"	0.032660796606601	-0.136559189375272	2.91796305837958	-0.0467994921947735	0.962673033761529	NA	"Bacteria"	"Firmicutes"	"Bacilli"	"Erysipelotrichales"	"Erysipelotrichaceae"	"Holdemanella"	"Unclassified _Holdemanella"
"OTU_40"	0	NA	NA	NA	NA	NA	"Bacteria"	"Firmicutes"	"Clostridia"	"Oscillospirales"	"[Eubacterium]_coprostanoligenes_group"	"Unclassified_[Eubacterium]_coprostanoligenes_group"	"Unclassified_[Eubacterium]_coprostanoligenes_group"
"OTU_46"	0	NA	NA	NA	NA	NA	"Bacteria"	"Firmicutes"	"Clostridia"	"Oscillospirales"	"Butyricicoccaceae"	"UCG-009"	"Unclassified _UCG-009"
"OTU_54"	0.24998945224051	-1.02393723471812	1.36152372709704	-0.752052435326482	0.452019526328842	NA	"Bacteria"	"Firmicutes"	"Clostridia"	"Christensenellales"	"Christensenellaceae"	"Christensenellaceae_R-7_group"	"Unclassified _Christensenellaceae_R-7_group"
"OTU_57"	0	NA	NA	NA	NA	NA	"Bacteria"	"Firmicutes"	"Bacilli"	"RF39"	"Unclassified_RF39"	"Unclassified_RF39"	"Unclassified_RF39"
"OTU_58"	0	NA	NA	NA	NA	NA	"Bacteria"	"Bacteroidota"	"Bacteroidia"	"Bacteroidales"	"Muribaculaceae"	"Unclassified_Muribaculaceae"	"Unclassified_Muribaculaceae"
"OTU_63"	0.0101119357793794	-0.26200986388988	2.91796305837958	-0.0897920428216048	0.928452471556279	NA	"Bacteria"	"Firmicutes"	"Bacilli"	"Unclassified_Bacilli"	"Unclassified_Bacilli"	"Unclassified_Bacilli"	"Unclassified_Bacilli"
"OTU_66"	0.0600596739428018	0.303351369673019	2.91795402081353	0.103960298040764	0.917200855366674	NA	"Bacteria"	"Firmicutes"	"Clostridia"	"Unclassified_Clostridia"	"Unclassified_Clostridia"	"Unclassified_Clostridia"	"Unclassified_Clostridia"
"OTU_68"	0	NA	NA	NA	NA	NA	"Bacteria"	"Firmicutes"	"Bacilli"	"Erysipelotrichales"	"Erysipelotrichaceae"	"uncultured"	"Unclassified _uncultured"
"OTU_93"	0	NA	NA	NA	NA	NA	"Bacteria"	"Firmicutes"	"Bacilli"	"Lactobacillales"	"Lactobacillaceae"	"Unclassified_Lactobacillaceae"	"Unclassified_Lactobacillaceae"
"OTU_100"	0	NA	NA	NA	NA	NA	"Bacteria"	"Actinobacteriota"	"Actinobacteria"	"Bifidobacteriales"	"Bifidobacteriaceae"	"Bifidobacterium"	"Bifidobacterium_animalis"
"OTU_102"	0.0263383181995786	-0.199284526632576	2.91796305837958	-0.0682957675081892	0.945550193303422	NA	"Bacteria"	"Firmicutes"	"Bacilli"	"Lactobacillales"	"Streptococcaceae"	"Streptococcus"	"Streptococcus_sanguinis"
"OTU_114"	3.01515051279304	0.412500599073553	0.545141738884657	0.756685041063845	0.44923857890533	0.491354695677705	"Bacteria"	"Proteobacteria"	"Gammaproteobacteria"	"Enterobacterales"	"Enterobacteriaceae"	"Klebsiella"	"Unclassified _Klebsiella"
"OTU_119"	0.0597517824489575	-0.458738401638127	2.89720655370107	-0.158338176148368	0.874190327342004	NA	"Bacteria"	"Firmicutes"	"Negativicutes"	"Acidaminococcales"	"Acidaminococcaceae"	"Phascolarctobacterium"	"Unclassified _Phascolarctobacterium"
"OTU_128"	0.0410392109875855	-0.458738474588602	2.91796305837958	-0.157211885623854	0.875077861408783	NA	"Bacteria"	"Proteobacteria"	"Gammaproteobacteria"	"Burkholderiales"	"Sutterellaceae"	"Sutterella"	"Sutterella_sp."
"OTU_130"	0	NA	NA	NA	NA	NA	"Bacteria"	"Bacteroidota"	"Bacteroidia"	"Bacteroidales"	"Prevotellaceae"	"Prevotella"	"Unclassified _Prevotella"
"OTU_136"	0	NA	NA	NA	NA	NA	"Bacteria"	"Proteobacteria"	"Gammaproteobacteria"	"Enterobacterales"	"Pasteurellaceae"	"Unclassified_Pasteurellaceae"	"Unclassified_Pasteurellaceae"
"OTU_145"	0.0127877055204252	-0.199284526632576	2.91796305837958	-0.0682957675081892	0.945550193303422	NA	"Bacteria"	"Firmicutes"	"Bacilli"	"Erysipelotrichales"	"Erysipelatoclostridiaceae"	"Sharpea"	"Unclassified _Sharpea"
"OTU_148"	7.58294139355317	0.508464394375664	0.302746406335587	1.67950596187108	0.0930534779251886	0.138590286271558	"Bacteria"	"Proteobacteria"	"Gammaproteobacteria"	"Enterobacterales"	"Enterobacteriaceae"	"Unclassified_Enterobacteriaceae"	"Unclassified_Enterobacteriaceae"
"OTU_157"	0.131256899055354	0.275115078790958	1.38971615907399	0.197964941973673	0.843072493110472	NA	"Bacteria"	"Proteobacteria"	"Gammaproteobacteria"	"Enterobacterales"	"Pectobacteriaceae"	"Pectobacterium"	"Pectobacterium_carotovorum"
"OTU_159"	0.564691692822476	2.25044644813898	1.4778180702542	1.52281697824407	0.127804501050718	0.175417942618633	"Bacteria"	"Firmicutes"	"Clostridia"	"Clostridiales"	"Clostridiaceae"	"Clostridium_sensu_stricto_2"	"Unclassified _Clostridium_sensu_stricto_2"
"OTU_160"	0.244723418178201	-0.417635308865916	0.738261033205936	-0.565701411941401	0.571596775248707	NA	"Bacteria"	"Firmicutes"	"Bacilli"	"Lactobacillales"	"Lactobacillaceae"	"lactobacilli"	"lactobacilli_delbrueckii"
"OTU_168"	0	NA	NA	NA	NA	NA	"Bacteria"	"Firmicutes"	"Clostridia"	"Oscillospirales"	"Oscillospiraceae"	"UCG-005"	"Unclassified _UCG-005"
"OTU_171"	0	NA	NA	NA	NA	NA	"Bacteria"	"Firmicutes"	"Clostridia"	"Peptostreptococcales-Tissierellales"	"Anaerovoracaceae"	"Mogibacterium"	"Unclassified _Mogibacterium"
"OTU_181"	0	NA	NA	NA	NA	NA	"Bacteria"	"Firmicutes"	"Bacilli"	"Erysipelotrichales"	"Erysipelotrichaceae"	"Turicibacter"	"Unclassified _Turicibacter"
"OTU_182"	0	NA	NA	NA	NA	NA	"Bacteria"	"Firmicutes"	"Bacilli"	"Lactobacillales"	"Lactobacillaceae"	"Limosilactobacillus"	"lactobacilli_mucosae"
"OTU_186"	0.101769818569713	-0.273408585201265	1.49701562304732	-0.182635759434972	0.855083824256333	NA	"Bacteria"	"Bacteroidota"	"Bacteroidia"	"Bacteroidales"	"Bacteroidaceae"	"Bacteroides"	"Bacteroides_vulgatus"
"OTU_191"	0	NA	NA	NA	NA	NA	"Bacteria"	"Bacteroidota"	"Bacteroidia"	"Bacteroidales"	"Prevotellaceae"	"Alloprevotella"	"Unclassified _Alloprevotella"
"OTU_211"	0	NA	NA	NA	NA	NA	"Bacteria"	"Firmicutes"	"Clostridia"	"Lachnospirales"	"Lachnospiraceae"	"[Eubacterium]_hallii_group"	"[Eubacterium]_hallii"
"OTU_215"	0	NA	NA	NA	NA	NA	"Bacteria"	"Firmicutes"	"Clostridia"	"Oscillospirales"	"Oscillospiraceae"	"Flavonifractor"	"Unclassified _Flavonifractor"
"OTU_222"	173.580460455627	1.53993944656113	0.522535615388797	2.94705164817393	0.00320819613951422	0.0112825576382919	"Bacteria"	"Proteobacteria"	"Gammaproteobacteria"	"Enterobacterales"	"Enterobacteriaceae"	"Klebsiella"	"Klebsiella_variicola"
"OTU_223"	15.6650429838249	-0.432338180208933	0.148266361238073	-2.91595596329988	0.0035460054664461	0.0112825576382919	"Bacteria"	"Actinobacteriota"	"Actinobacteria"	"Bifidobacteriales"	"Bifidobacteriaceae"	"Bifidobacterium"	"Bifidobacterium_longum"
"OTU_226"	0.124223927288951	-0.276259176089573	1.24155702651489	-0.222510259448208	0.823916687560773	NA	"Bacteria"	"Proteobacteria"	"Gammaproteobacteria"	"Enterobacterales"	"Enterobacteriaceae"	"Salmonella"	"Salmonella_enterica"
"OTU_227"	1.02735176261265	2.97360330461717	1.2071119377627	2.46340311249721	0.0137625085741275	0.0301054875059039	"Bacteria"	"Firmicutes"	"Clostridia"	"Lachnospirales"	"Lachnospiraceae"	"Anaerostipes"	"Unclassified _Anaerostipes"
"OTU_244"	7.61121006486841	-0.020363041578792	0.167008445738598	-0.121928214400991	0.902955870470557	0.902955870470557	"Bacteria"	"Bacteroidota"	"Bacteroidia"	"Bacteroidales"	"Tannerellaceae"	"Parabacteroides"	"Unclassified _Parabacteroides"
"OTU_246"	0	NA	NA	NA	NA	NA	"Bacteria"	"Firmicutes"	"Negativicutes"	"Veillonellales-Selenomonadales"	"Veillonellaceae"	"Allisonella"	"Unclassified _Allisonella"
"OTU_261"	0	NA	NA	NA	NA	NA	"Bacteria"	"Firmicutes"	"Clostridia"	"Christensenellales"	"Christensenellaceae"	"Christensenellaceae_R-7_group"	"uncultured_rumen"
"OTU_262"	0	NA	NA	NA	NA	NA	"Bacteria"	"Firmicutes"	"Negativicutes"	"Acidaminococcales"	"Acidaminococcaceae"	"Unclassified_Acidaminococcaceae"	"Unclassified_Acidaminococcaceae"
"OTU_275"	0.0413413985504769	-0.0111085148606647	2.91796305837958	-0.00380694156794211	0.996962507436026	NA	"Bacteria"	"Firmicutes"	"Clostridia"	"Oscillospirales"	"Oscillospiraceae"	"Colidextribacter"	"Unclassified _Colidextribacter"
"OTU_277"	0.0536912524117795	-0.524313620417974	2.53400109951244	-0.206911362634711	0.836079082443077	NA	"Bacteria"	"Actinobacteriota"	"Coriobacteriia"	"Coriobacteriales"	"Eggerthellaceae"	"Eggerthella"	"Unclassified _Eggerthella"
"OTU_282"	0	NA	NA	NA	NA	NA	"Bacteria"	"Firmicutes"	"Clostridia"	"Oscillospirales"	"Ruminococcaceae"	"Incertae_Sedis"	"Unclassified _Incertae_Sedis"
"OTU_300"	0	NA	NA	NA	NA	NA	"Bacteria"	"Firmicutes"	"Negativicutes"	"Acidaminococcales"	"Acidaminococcaceae"	"Acidaminococcus"	"Unclassified _Acidaminococcus"
"OTU_306"	0	NA	NA	NA	NA	NA	"Bacteria"	"Planctomycetota"	"Planctomycetes"	"Pirellulales"	"Pirellulaceae"	"p-1088-a5_gut_group"	"Unclassified _p-1088-a5_gut_group"
"OTU_307"	0.123956569401462	-0.150808213496537	1.49518487353357	-0.100862586403868	0.919659543324606	NA	"Bacteria"	"Fusobacteriota"	"Fusobacteriia"	"Fusobacteriales"	"Fusobacteriaceae"	"Fusobacterium"	"Fusobacterium_mortiferum"
"OTU_309"	0	NA	NA	NA	NA	NA	"Bacteria"	"Firmicutes"	"Negativicutes"	"Veillonellales-Selenomonadales"	"Veillonellaceae"	"Megasphaera"	"Megasphaera_elsdenii"
"OTU_317"	0	NA	NA	NA	NA	NA	"Bacteria"	"Desulfobacterota"	"Desulfovibrionia"	"Desulfovibrionales"	"Desulfovibrionaceae"	"Desulfovibrio"	"Unclassified _Desulfovibrio"
"OTU_327"	0	NA	NA	NA	NA	NA	"Bacteria"	"Firmicutes"	"Bacilli"	"Erysipelotrichales"	"Erysipelotrichaceae"	"Solobacterium"	"Solobacterium_moorei"
"OTU_342"	104.438189140907	-0.986366643586007	0.321254365738886	-3.07036027764902	0.00213800695786716	0.00880355806180597	"Bacteria"	"Firmicutes"	"Bacilli"	"Lactobacillales"	"Streptococcaceae"	"Streptococcus"	"Unclassified _Streptococcus"
"OTU_346"	2.61050897967102	1.25682624167538	0.632680132540091	1.98651131438166	0.0469765777774791	0.0822090111105884	"Bacteria"	"Firmicutes"	"Bacilli"	"Lactobacillales"	"Streptococcaceae"	"Streptococcus"	"Streptococcus_pluranimalium"
"OTU_348"	2.46456814297849	0.387957938395355	0.342638109788043	1.13226733195367	0.257522059978113	0.340123475442791	"Bacteria"	"Firmicutes"	"Bacilli"	"Lactobacillales"	"Lactobacillaceae"	"Weissella"	"Weissella_cibaria"
"OTU_350"	1.53636602602844	2.09974832450004	0.756761004167913	2.77465185565262	0.00552608285475687	0.0154730319933192	"Bacteria"	"Firmicutes"	"Bacilli"	"Lactobacillales"	"Unclassified_Lactobacillales"	"Unclassified_Lactobacillales"	"Unclassified_Lactobacillales"
"OTU_381"	0	NA	NA	NA	NA	NA	"Bacteria"	"Planctomycetota"	"Planctomycetes"	"Pirellulales"	"Pirellulaceae"	"p-1088-a5_gut_group"	"uncultured_rumen"
"OTU_384"	0	NA	NA	NA	NA	NA	"Bacteria"	"Firmicutes"	"Bacilli"	"Erysipelotrichales"	"Erysipelotrichaceae"	"Solobacterium"	"Unclassified _Solobacterium"
"OTU_410"	0.0151565542109853	-0.390311404713424	2.91796305837958	-0.133761599069104	0.893591093746748	NA	"Bacteria"	"Proteobacteria"	"Gammaproteobacteria"	"Burkholderiales"	"Sutterellaceae"	"Sutterella"	"Unclassified _Sutterella"
"OTU_413"	0	NA	NA	NA	NA	NA	"Bacteria"	"Firmicutes"	"Unclassified_Firmicutes"	"Unclassified_Firmicutes"	"Unclassified_Firmicutes"	"Unclassified_Firmicutes"	"Unclassified_Firmicutes"
"OTU_414"	5.51152508030792	-0.247982595214558	0.181812628675215	-1.36394593170724	0.172584583224443	0.232325400494442	"Bacteria"	"Bacteroidota"	"Bacteroidia"	"Bacteroidales"	"Bacteroidaceae"	"Bacteroides"	"Bacteroides_dorei"
"OTU_417"	0	NA	NA	NA	NA	NA	"Bacteria"	"Bacteroidota"	"Bacteroidia"	"Bacteroidales"	"Marinifilaceae"	"Butyricimonas"	"Unclassified _Butyricimonas"
"OTU_434"	0.0178103117329656	-0.199284526632576	2.91796305837958	-0.0682957675081891	0.945550193303422	NA	"Bacteria"	"Bacteroidota"	"Bacteroidia"	"Bacteroidales"	"Barnesiellaceae"	"Coprobacter"	"Unclassified _Coprobacter"
"OTU_436"	0.0124002989000474	-0.199284526632576	2.91796305837958	-0.0682957675081892	0.945550193303422	NA	"Bacteria"	"Proteobacteria"	"Gammaproteobacteria"	"Enterobacterales"	"Pasteurellaceae"	"Actinobacillus"	"Unclassified _Actinobacillus"
"OTU_467"	0	NA	NA	NA	NA	NA	"Bacteria"	"Firmicutes"	"Clostridia"	"Lachnospirales"	"Lachnospiraceae"	"[Ruminococcus]_gauvreauii_group"	"Unclassified _[Ruminococcus]_gauvreauii_group"
"OTU_476"	0	NA	NA	NA	NA	NA	"Bacteria"	"Firmicutes"	"Clostridia"	"Clostridia_UCG-014"	"Unclassified_Clostridia_UCG-014"	"Unclassified_Clostridia_UCG-014"	"Unclassified_Clostridia_UCG-014"
"OTU_480"	0.0312878669946365	-0.327586067456121	2.91796305837958	-0.112265323755688	0.910613035584357	NA	"Bacteria"	"Bacteroidota"	"Bacteroidia"	"Bacteroidales"	"Rikenellaceae"	"Alistipes"	"Unclassified _Alistipes"
"OTU_483"	0.0432060754483704	-0.330436933765057	2.91796305837958	-0.113242329376355	0.909838437495047	NA	"Bacteria"	"Actinobacteriota"	"Actinobacteria"	"Unclassified_Actinobacteria"	"Unclassified_Actinobacteria"	"Unclassified_Actinobacteria"	"Unclassified_Actinobacteria"
"OTU_485"	0.222269570902144	0.656396730349553	0.962312617012758	0.682103423300383	0.495173556133248	NA	"Bacteria"	"Firmicutes"	"Clostridia"	"Lachnospirales"	"Lachnospiraceae"	"uncultured"	"Unclassified _uncultured"
"OTU_487"	0.019272863574849	-0.327586067456121	2.91796305837958	-0.112265323755688	0.910613035584357	NA	"Bacteria"	"Firmicutes"	"Bacilli"	"Lactobacillales"	"Lactobacillaceae"	"Ligilactobacillus"	"lactobacilli_salivarius"
"OTU_504"	0.128384932670254	0.0410128753322663	1.64721409550145	0.0248983270870938	0.980136061612858	NA	"Bacteria"	"Firmicutes"	"Clostridia"	"Peptostreptococcales-Tissierellales"	"Anaerovoracaceae"	"Family_XIII_AD3011_group"	"Unclassified _Family_XIII_AD3011_group"
"OTU_511"	2.08576539222163	-1.99725186293703	0.761668763948917	-2.62220529115854	0.00873627891256478	0.0235207509184436	"Bacteria"	"Firmicutes"	"Bacilli"	"Lactobacillales"	"Lactobacillaceae"	"Limosilactobacillus"	"Unclassified _Limosilactobacillus"
"OTU_512"	734.798841641898	1.23678357751188	0.442949654129822	2.79215383956344	0.00523584563826291	0.0152712164449335	"Bacteria"	"Proteobacteria"	"Gammaproteobacteria"	"Enterobacterales"	"Enterobacteriaceae"	"Citrobacter"	"Citrobacter_freundii"
"OTU_514"	2.98547473543644	0.611330766961601	0.383257249715257	1.59509250618427	0.110691551011084	0.161425178557832	"Bacteria"	"Unclassified_Bacteria"	"Unclassified_Bacteria"	"Unclassified_Bacteria"	"Unclassified_Bacteria"	"Unclassified_Bacteria"	"Unclassified_Bacteria"
"OTU_516"	4.60113089008865	-0.327408672655694	0.188281470589676	-1.73893199171585	0.0820467261416739	0.12560162331408	"Bacteria"	"Bacteroidota"	"Bacteroidia"	"Bacteroidales"	"Bacteroidaceae"	"Bacteroides"	"Unclassified _Bacteroides"
"OTU_529"	515.821830413632	3.3712499377471	0.467886377742969	7.20527482336551	5.79268969203481e-13	2.02744139221218e-11	"Bacteria"	"Firmicutes"	"Clostridia"	"Clostridiales"	"Clostridiaceae"	"Clostridium_sensu_stricto_1"	"Clostridium_perfringens"
"OTU_532"	0	NA	NA	NA	NA	NA	"Bacteria"	"Firmicutes"	"Negativicutes"	"Veillonellales-Selenomonadales"	"Veillonellaceae"	"Megasphaera"	"Unclassified _Megasphaera"
"OTU_534"	0	NA	NA	NA	NA	NA	"Bacteria"	"Actinobacteriota"	"Coriobacteriia"	"Coriobacteriales"	"Atopobiaceae"	"Atopobium"	"Unclassified _Atopobium"
"OTU_540"	0	NA	NA	NA	NA	NA	"Bacteria"	"Bacteroidota"	"Bacteroidia"	"Bacteroidales"	"Prevotellaceae"	"Prevotella_7"	"Unclassified _Prevotella_7"
"OTU_548"	0	NA	NA	NA	NA	NA	"Bacteria"	"Firmicutes"	"Clostridia"	"Lachnospirales"	"Lachnospiraceae"	"Lachnospiraceae_NK3A20_group"	"Unclassified _Lachnospiraceae_NK3A20_group"
"OTU_581"	1.38433207699499	-0.273282131445591	0.456529207889365	-0.598608208900882	0.549434180671073	0.591698348415001	"Bacteria"	"Actinobacteriota"	"Coriobacteriia"	"Coriobacteriales"	"Atopobiaceae"	"Olsenella"	"Unclassified _Olsenella"
"OTU_583"	0	NA	NA	NA	NA	NA	"Bacteria"	"Firmicutes"	"Bacilli"	"Lactobacillales"	"Streptococcaceae"	"Lactococcus"	"Unclassified _Lactococcus"
"OTU_588"	0.00741029756486003	-0.26200986388988	2.91796305837958	-0.0897920428216048	0.928452471556279	NA	"Bacteria"	"Firmicutes"	"Bacilli"	"Erysipelotrichales"	"Erysipelotrichaceae"	"Dielma"	"Unclassified _Dielma"
"OTU_602"	1.86911730030822	2.26459766560736	0.90127328199649	2.51266481637051	0.0119823119721382	0.0279587279349892	"Bacteria"	"Firmicutes"	"Bacilli"	"Erysipelotrichales"	"Erysipelotrichaceae"	"[Clostridium]_innocuum_group"	"Unclassified _[Clostridium]_innocuum_group"
"OTU_604"	3.08284751658557	-0.577661278648744	0.272299350808265	-2.12141996275083	0.0338864767930931	0.0608218814235005	"Bacteria"	"Bacteroidota"	"Bacteroidia"	"Bacteroidales"	"Bacteroidaceae"	"Bacteroides"	"Bacteroides_thetaiotaomicron"
"OTU_623"	3.00860014628258	-0.908508511596715	0.464128042024639	-1.95745231775607	0.0502943125951687	0.0843095702390899	"Bacteria"	"Firmicutes"	"Negativicutes"	"Veillonellales-Selenomonadales"	"Veillonellaceae"	"Veillonella"	"Unclassified _Veillonella"
"OTU_624"	14.2822442714773	2.40394285211582	0.437970822233734	5.48881964295077	0.0000000404628512603492	0.000000472066598037407	"Bacteria"	"Firmicutes"	"Clostridia"	"Lachnospirales"	"Lachnospiraceae"	"Blautia"	"Unclassified _Blautia"
"OTU_642"	4.47431659768555	-0.147189700418693	0.190593401440367	-0.772270704580221	0.439954112557479	0.488837902841644	"Bacteria"	"Bacteroidota"	"Bacteroidia"	"Bacteroidales"	"Bacteroidaceae"	"Bacteroides"	"Bacteroides_fragilis"
"OTU_644"	94.9463087213381	0.585074248560694	0.254279173255922	2.30091297320618	0.0213965506652532	0.0404799607180466	"Bacteria"	"Proteobacteria"	"Gammaproteobacteria"	"Enterobacterales"	"Enterobacteriaceae"	"Escherichia-Shigella"	"Escherichia_coli"
"OTU_650"	1599.81224177958	-1.51913428605088	0.410187359916028	-3.70351316130723	0.000212634144271661	0.00124036584158469	"Bacteria"	"Firmicutes"	"Bacilli"	"Lactobacillales"	"Lactobacillaceae"	"lactobacilli"	"lactobacilli_amylovorus"
"OTU_663"	0.00905866405655587	-0.390311404713425	2.91796305837958	-0.133761599069104	0.893591093746748	NA	"Bacteria"	"Bacteroidota"	"Bacteroidia"	"Bacteroidales"	"Prevotellaceae"	"Unclassified_Prevotellaceae"	"Unclassified_Prevotellaceae"
"OTU_681"	0.0188171185906608	-0.327586067456121	2.91796305837958	-0.112265323755688	0.910613035584357	NA	"Bacteria"	"Firmicutes"	"Clostridia"	"Peptostreptococcales-Tissierellales"	"Peptostreptococcaceae"	"Clostridioides"	"Clostridioides_difficile"
"OTU_703"	0.253114967142565	-0.794161259805339	0.688936840191813	-1.15273449389676	0.249019378741423	NA	"Bacteria"	"Bacteroidota"	"Bacteroidia"	"Bacteroidales"	"Porphyromonadaceae"	"Porphyromonas"	"uncultured_Porphyromonas"
"OTU_713"	0	NA	NA	NA	NA	NA	"Bacteria"	"Proteobacteria"	"Gammaproteobacteria"	"Enterobacterales"	"Unclassified_Enterobacterales"	"Unclassified_Enterobacterales"	"Unclassified_Enterobacterales"
"OTU_714"	0	NA	NA	NA	NA	NA	"Bacteria"	"Firmicutes"	"Clostridia"	"Oscillospirales"	"Ruminococcaceae"	"uncultured"	"Unclassified _uncultured"
"OTU_720"	0	NA	NA	NA	NA	NA	"Bacteria"	"Bacteroidota"	"Bacteroidia"	"Bacteroidales"	"Prevotellaceae"	"Prevotellaceae_UCG-003"	"Unclassified _Prevotellaceae_UCG-003"
"OTU_724"	0.0196563233866913	-0.455887608279665	2.91796305837958	-0.156234880003187	0.875847884038925	NA	"Bacteria"	"Actinobacteriota"	"Actinobacteria"	"Bifidobacteriales"	"Bifidobacteriaceae"	"Bifidobacterium"	"Bifidobacterium_bifidum"
"OTU_726"	0	NA	NA	NA	NA	NA	"Bacteria"	"Firmicutes"	"Clostridia"	"Eubacteriales"	"Eubacteriaceae"	"Pseudoramibacter"	"Unclassified _Pseudoramibacter"
"OTU_727"	0.0577297090633948	-0.458738457779874	2.91319360527196	-0.157469265671084	0.874875028122486	NA	"Bacteria"	"Firmicutes"	"Bacilli"	"Bacillales"	"Bacillaceae"	"Bacillus"	"Unclassified _Bacillus"
"OTU_728"	0.0312293034961975	-0.202135392941513	2.91796305837958	-0.0692727731288565	0.944772497558082	NA	"Bacteria"	"Desulfobacterota"	"Desulfovibrionia"	"Desulfovibrionales"	"Desulfovibrionaceae"	"Desulfovibrio"	"Desulfovibrio_piger"
"OTU_736"	0	NA	NA	NA	NA	NA	"Bacteria"	"Firmicutes"	"Clostridia"	"Peptostreptococcales-Tissierellales"	"Peptostreptococcaceae"	"Romboutsia"	"Romboutsia_ilealis"
"OTU_739"	1.80451687505719	0.607375850100072	0.310681781500126	1.9549773635498	0.0505857421434539	0.0843095702390899	"Bacteria"	"Firmicutes"	"Bacilli"	"Staphylococcales"	"Staphylococcaceae"	"Staphylococcus"	"Unclassified _Staphylococcus"
"OTU_748"	0.422173578877969	0.230713651102311	0.57285721001168	0.402741987130801	0.687138042467083	0.717905417502922	"Bacteria"	"Firmicutes"	"Bacilli"	"Lactobacillales"	"Lactobacillaceae"	"Weissella"	"Unclassified _Weissella"
"OTU_750"	0	NA	NA	NA	NA	NA	"Bacteria"	"Fusobacteriota"	"Fusobacteriia"	"Fusobacteriales"	"Fusobacteriaceae"	"Fusobacterium"	"Fusobacterium_varium"
"OTU_758"	10866.3503433979	-0.303564490044829	0.342813972296554	-0.885507927262161	0.375882746006011	0.445962580007132	"Bacteria"	"Firmicutes"	"Bacilli"	"Lactobacillales"	"Enterococcaceae"	"Enterococcus"	"Enterococcus_hirae"
"OTU_761"	200.736852207281	-1.4820443521632	0.413158607697918	-3.58710752856153	0.000334366463069391	0.00180043480114287	"Bacteria"	"Firmicutes"	"Bacilli"	"Lactobacillales"	"Enterococcaceae"	"Enterococcus"	"Enterococcus_faecalis"
"OTU_764"	0	NA	NA	NA	NA	NA	"Bacteria"	"Fusobacteriota"	"Fusobacteriia"	"Fusobacteriales"	"Fusobacteriaceae"	"Fusobacterium"	"Fusobacterium_periodonticum"
"OTU_792"	0.215508900722761	0.486967770448597	1.29920286889215	0.374820424206609	0.707794023497721	NA	"Bacteria"	"Firmicutes"	"Clostridia"	"Oscillospirales"	"Ruminococcaceae"	"Unclassified_Ruminococcaceae"	"Unclassified_Ruminococcaceae"
"OTU_813"	67.6638255562058	1.47691941148536	0.46854665831406	3.15212879075835	0.00162084765068239	0.00709120847173546	"Bacteria"	"Proteobacteria"	"Gammaproteobacteria"	"Enterobacterales"	"Enterobacteriaceae"	"Klebsiella"	"Klebsiella_pneumoniae"
"OTU_823"	0.00841867927167653	-0.26200986388988	2.91796305837958	-0.0897920428216048	0.928452471556279	NA	"Bacteria"	"Firmicutes"	"Clostridia"	"Lachnospirales"	"Lachnospiraceae"	"Roseburia"	"Unclassified _Roseburia"
"OTU_826"	0	NA	NA	NA	NA	NA	"Bacteria"	"Proteobacteria"	"Gammaproteobacteria"	"Enterobacterales"	"Vibrionaceae"	"Vibrio"	"Unclassified _Vibrio"
"OTU_831"	1223.11382450556	1.09932643357509	0.44590938634934	2.46535836030562	0.013687627927391	0.0301054875059039	"Bacteria"	"Proteobacteria"	"Gammaproteobacteria"	"Enterobacterales"	"Enterobacteriaceae"	"Enterobacter"	"Unclassified _Enterobacter"
"OTU_839"	0.0370300084804686	-0.0738338521179686	2.91796305837958	-0.0253032168813578	0.979813108053664	NA	"Bacteria"	"Firmicutes"	"Clostridia"	"Oscillospirales"	"Oscillospiraceae"	"Unclassified_Oscillospiraceae"	"Unclassified_Oscillospiraceae"
"OTU_845"	828.085152017094	-0.279195640772988	0.324645866010865	-0.860000603746002	0.389788709696874	0.454753494646353	"Bacteria"	"Firmicutes"	"Bacilli"	"Lactobacillales"	"Enterococcaceae"	"Enterococcus"	"Unclassified _Enterococcus"
"OTU_851"	0.0465034140182103	-0.267710092349541	2.58842289790444	-0.103425948119326	0.917624918952961	NA	"Bacteria"	"Firmicutes"	"Bacilli"	"Lactobacillales"	"Streptococcaceae"	"Lactococcus"	"Lactococcus_lactis"
"OTU_856"	242.144223860028	0.69086128310971	0.286345529697058	2.41268401794368	0.0158355414393028	0.033590542447006	"Bacteria"	"Proteobacteria"	"Gammaproteobacteria"	"Enterobacterales"	"Enterobacteriaceae"	"Escherichia-Shigella"	"Unclassified _Escherichia-Shigella"
"OTU_863"	0.0996414755876731	-0.53001419334528	1.84066776832657	-0.287946691122396	0.773387545404503	NA	"Bacteria"	"Firmicutes"	"Bacilli"	"Lactobacillales"	"Lactobacillaceae"	"lactobacilli"	"lactobacilli_crispatus"
"OTU_872"	0	NA	NA	NA	NA	NA	"Bacteria"	"Firmicutes"	"Negativicutes"	"Veillonellales-Selenomonadales"	"Veillonellaceae"	"Unclassified_Veillonellaceae"	"Unclassified_Veillonellaceae"
"OTU_874"	0.0650318692323706	-0.398861595211296	2.1670440104535	-0.184057911739331	0.85396802388833	NA	"Bacteria"	"Firmicutes"	"Clostridia"	"Oscillospirales"	"Ruminococcaceae"	"Faecalibacterium"	"Faecalibacterium_prausnitzii"
"OTU_876"	1.11793536874434	-0.0960428609339142	0.370142716058548	-0.259475215280806	0.795268602672723	0.818658855692509	"Bacteria"	"Proteobacteria"	"Gammaproteobacteria"	"Enterobacterales"	"Morganellaceae"	"Morganella"	"Morganella_morganii"
"OTU_878"	0	NA	NA	NA	NA	NA	"Bacteria"	"Proteobacteria"	"Gammaproteobacteria"	"Burkholderiales"	"Sutterellaceae"	"Parasutterella"	"Unclassified _Parasutterella"
"OTU_879"	20.1521740657887	-2.04934660179755	0.342352947927111	-5.98606383910521	0.00000000214980017557213	0.0000000376215030725122	"Bacteria"	"Firmicutes"	"Bacilli"	"Lactobacillales"	"Enterococcaceae"	"Enterococcus"	"Enterococcus_cecorum"
"OTU_889"	0.0094085592953304	-0.26200986388988	2.91796305837958	-0.0897920428216048	0.928452471556279	NA	"Bacteria"	"Bacteroidota"	"Bacteroidia"	"Bacteroidales"	"Unclassified_Bacteroidales"	"Unclassified_Bacteroidales"	"Unclassified_Bacteroidales"
"OTU_912"	0.0062001494500237	-0.26200986388988	2.91796305837958	-0.0897920428216048	0.928452471556279	NA	"Bacteria"	"Proteobacteria"	"Gammaproteobacteria"	"Unclassified_Gammaproteobacteria"	"Unclassified_Gammaproteobacteria"	"Unclassified_Gammaproteobacteria"	"Unclassified_Gammaproteobacteria"
"OTU_929"	0	NA	NA	NA	NA	NA	"Bacteria"	"Firmicutes"	"Negativicutes"	"Veillonellales-Selenomonadales"	"Veillonellaceae"	"Dialister"	"Unclassified _Dialister"
"OTU_936"	0.550479784645015	-1.06822229916639	1.06963648968729	-0.998677877452263	0.317950760731119	0.412158393540339	"Bacteria"	"Proteobacteria"	"Gammaproteobacteria"	"Pseudomonadales"	"Moraxellaceae"	"Moraxella"	"Unclassified _Moraxella"
"OTU_938"	0	NA	NA	NA	NA	NA	"Bacteria"	"Firmicutes"	"Bacilli"	"Erysipelotrichales"	"Erysipelotrichaceae"	"Erysipelotrichaceae_UCG-006"	"Unclassified _Erysipelotrichaceae_UCG-006"
"OTU_941"	0	NA	NA	NA	NA	NA	"Bacteria"	"Firmicutes"	"Clostridia"	"Oscillospirales"	"Oscillospiraceae"	"Oscillospira"	"Unclassified _Oscillospira"
"OTU_942"	0.0290446370585973	-0.327586067456121	2.91796305837958	-0.112265323755688	0.910613035584357	NA	"Bacteria"	"Fusobacteriota"	"Fusobacteriia"	"Fusobacteriales"	"Fusobacteriaceae"	"Fusobacterium"	"Unclassified _Fusobacterium"
"OTU_984"	0	NA	NA	NA	NA	NA	"Bacteria"	"Proteobacteria"	"Gammaproteobacteria"	"Enterobacterales"	"Pasteurellaceae"	"Pasteurella"	"[Pasteurella]_aerogenes"
"OTU_999"	0.0608380452684859	0.11434224366328	2.90667768173242	0.0393377787918785	0.968621086794222	NA	"Bacteria"	"Firmicutes"	"Clostridia"	"Lachnospirales"	"Lachnospiraceae"	"Hungatella"	"Unclassified _Hungatella"
"OTU_1003"	6.82855529586733	1.02851490058154	0.325325182947659	3.16149795494625	0.00156959920581333	0.00709120847173546	"Bacteria"	"Firmicutes"	"Bacilli"	"Staphylococcales"	"Staphylococcaceae"	"Staphylococcus"	"Staphylococcus_aureus"
"OTU_1015"	0.0148205951297201	-0.199284526632576	2.91796305837958	-0.0682957675081892	0.945550193303422	NA	"Bacteria"	"Firmicutes"	"Bacilli"	"Erysipelotrichales"	"Erysipelotrichaceae"	"Unclassified_Erysipelotrichaceae"	"Unclassified_Erysipelotrichaceae"
"OTU_1016"	422.818908491338	-1.70524806336849	0.517281266214689	-3.29655870943672	0.00097877155550482	0.0048938577775241	"Bacteria"	"Firmicutes"	"Bacilli"	"Lactobacillales"	"Lactobacillaceae"	"Limosilactobacillus"	"lactobacilli_reuteri"
"OTU_1030"	0.0612809300768158	0.177072488041538	2.18903730863047	0.0808905756623763	0.935528974936583	NA	"Bacteria"	"Firmicutes"	"Clostridia"	"Lachnospirales"	"Lachnospiraceae"	"[Ruminococcus]_torques_group"	"Unclassified _[Ruminococcus]_torques_group"
"OTU_1031"	0.00905866405655587	-0.390311404713425	2.91796305837958	-0.133761599069104	0.893591093746748	NA	"Bacteria"	"Firmicutes"	"Clostridia"	"Peptostreptococcales-Tissierellales"	"Peptostreptococcaceae"	"Peptostreptococcus"	"Unclassified _Peptostreptococcus"
"OTU_1045"	1.17554158955779	2.07206908079508	0.880121527657882	2.35429882769613	0.0185576856614777	0.0382069998912775	"Bacteria"	"Firmicutes"	"Bacilli"	"Bacillales"	"Bacillaceae"	"Bacillus"	"Bacillus_cereus"
"OTU_1046"	35.0264269135328	-0.302866037704704	0.13734804431125	-2.20509901850781	0.0274471469501722	0.0505605338555804	"Bacteria"	"Actinobacteriota"	"Actinobacteria"	"Bifidobacteriales"	"Bifidobacteriaceae"	"Bifidobacterium"	"Bifidobacterium_breve"
"OTU_1052"	0.0294597006981294	-0.264860730198817	2.91796305837958	-0.0907690484422722	0.927676104262865	NA	"Bacteria"	"Firmicutes"	"Clostridia"	"Lachnospirales"	"Lachnospiraceae"	"Lachnospiraceae_NK4A136_group"	"Unclassified _Lachnospiraceae_NK4A136_group"
"OTU_1053"	0	NA	NA	NA	NA	NA	"Bacteria"	"Firmicutes"	"Clostridia"	"Peptostreptococcales-Tissierellales"	"Anaerovoracaceae"	"Unclassified_Anaerovoracaceae"	"Unclassified_Anaerovoracaceae"
"OTU_1059"	0.0283605510578841	-0.327586067456121	2.91796305837958	-0.112265323755688	0.910613035584357	NA	"Bacteria"	"Firmicutes"	"Bacilli"	"Lactobacillales"	"Streptococcaceae"	"Unclassified_Streptococcaceae"	"Unclassified_Streptococcaceae"
"OTU_1061"	0.519169710921449	-0.459147311342053	0.515614918350155	-0.890484923925814	0.373205560033301	0.445962580007132	"Bacteria"	"Bacteroidota"	"Bacteroidia"	"Bacteroidales"	"Bacteroidaceae"	"Bacteroides"	"Bacteroides_pyogenes"
"OTU_1076"	1.62975256530223	2.5317297369479	0.680518612314597	3.72029462697122	0.000198990502024342	0.00124036584158469	"Bacteria"	"Firmicutes"	"Clostridia"	"Lachnospirales"	"Lachnospiraceae"	"Eisenbergiella"	"Unclassified _Eisenbergiella"
"OTU_1080"	0	NA	NA	NA	NA	NA	"Bacteria"	"Bacteroidota"	"Bacteroidia"	"Bacteroidales"	"Prevotellaceae"	"Prevotellaceae_UCG-004"	"Unclassified _Prevotellaceae_UCG-004"
"OTU_1098"	10.7376894125883	0.65004179045428	0.336741254311684	1.93038952647188	0.0535585916741884	0.0871884050510043	"Bacteria"	"Proteobacteria"	"Gammaproteobacteria"	"Enterobacterales"	"Enterobacteriaceae"	"Citrobacter"	"Unclassified _Citrobacter"
"OTU_1104"	0.0366485128926532	-0.0738338521179685	2.91796305837958	-0.0253032168813578	0.979813108053664	NA	"Bacteria"	"Bacteroidota"	"Bacteroidia"	"Bacteroidales"	"Tannerellaceae"	"Parabacteroides"	"Parabacteroides_distasonis"
"OTU_1106"	34.1585888738208	-1.40229156761563	0.477690830060546	-2.93556308677287	0.0033294290248831	0.0112825576382919	"Bacteria"	"Firmicutes"	"Bacilli"	"Lactobacillales"	"Streptococcaceae"	"Streptococcus"	"Streptococcus_salivarius"
"OTU_1114"	62.1969939029768	-0.861980803423639	0.199489446383325	-4.32093436044389	0.0000155369890907939	0.000135948654544446	"Bacteria"	"Firmicutes"	"Bacilli"	"Lactobacillales"	"Lactobacillaceae"	"Lacticaseibacillus"	"lactobacilli_paracasei"
"OTU_1136"	0.261819357356344	1.16507131894959	1.21590868259161	0.95818981773067	0.337967050738035	0.429662876089942	"Bacteria"	"Firmicutes"	"Clostridia"	"Oscillospirales"	"Oscillospiraceae"	"uncultured"	"Unclassified _uncultured"
"OTU_1142"	0.308527565973695	-1.26875981485584	0.802964708592208	-1.58009412030111	0.114085313625585	0.162979019465121	"Bacteria"	"Firmicutes"	"Clostridia"	"Oscillospirales"	"Ruminococcaceae"	"Faecalibacterium"	"Unclassified _Faecalibacterium"
"OTU_1144"	0.407601568407492	-0.23776028190517	0.560062333892762	-0.424524677909683	0.671183211803209	0.711860982215525	"Bacteria"	"Actinobacteriota"	"Actinobacteria"	"Bifidobacteriales"	"Bifidobacteriaceae"	"Bifidobacterium"	"Unclassified _Bifidobacterium"
"OTU_1150"	0.0406004378108419	-0.521463811845906	2.91796305837958	-0.17870816093727	0.858166860845278	NA	"Bacteria"	"Fusobacteriota"	"Fusobacteriia"	"Fusobacteriales"	"Fusobacteriaceae"	"Cetobacterium"	"Unclassified _Cetobacterium"
"OTU_1156"	1.22895252830532	1.96714054425455	1.05449944529459	1.86547328500965	0.0621150934226967	0.0988194668088356	"Bacteria"	"Firmicutes"	"Clostridia"	"Peptostreptococcales-Tissierellales"	"Peptostreptococcaceae"	"Unclassified_Peptostreptococcaceae"	"Unclassified_Peptostreptococcaceae"
"OTU_1162"	72.8941636000309	3.6061579224509	0.424316331310484	8.49874882570138	1.91645077526713e-17	1.34151554268699e-15	"Bacteria"	"Firmicutes"	"Clostridia"	"Clostridiales"	"Clostridiaceae"	"Clostridium_sensu_stricto_1"	"Unclassified _Clostridium_sensu_stricto_1"
"OTU_1181"	0	NA	NA	NA	NA	NA	"Bacteria"	"Firmicutes"	"Clostridia"	"Oscillospirales"	"Oscillospiraceae"	"uncultured"	"uncultured_rumen"
"OTU_1191"	6.96783835014925	2.78452871696017	0.598389545996313	4.65337126223345	0.00000326551513885143	0.0000326551513885143	"Bacteria"	"Firmicutes"	"Clostridia"	"Lachnospirales"	"Lachnospiraceae"	"Unclassified_Lachnospiraceae"	"Unclassified_Lachnospiraceae"
"OTU_1194"	12.6152180312354	2.72560048758647	0.677754021817958	4.02151872190374	0.0000578241111007781	0.000449743086339385	"Bacteria"	"Firmicutes"	"Clostridia"	"Lachnospirales"	"Lachnospiraceae"	"[Ruminococcus]_gnavus_group"	"Unclassified _[Ruminococcus]_gnavus_group"
"OTU_1200"	0.520271904945728	1.45331829315234	0.837095024849628	1.7361449417447	0.0825382096063955	0.12560162331408	"Bacteria"	"Firmicutes"	"Clostridia"	"Peptostreptococcales-Tissierellales"	"Peptostreptococcaceae"	"Romboutsia"	"Unclassified _Romboutsia"
"OTU_1212"	0	NA	NA	NA	NA	NA	"Bacteria"	"Firmicutes"	"Clostridia"	"Oscillospirales"	"Ruminococcaceae"	"Negativibacillus"	"Unclassified _Negativibacillus"
"OTU_1219"	0.27990301999647	-0.295809759328058	1.7855212190851	-0.165671377167745	0.868415572445232	0.881001305379221	"Bacteria"	"Proteobacteria"	"Gammaproteobacteria"	"Pseudomonadales"	"Moraxellaceae"	"Acinetobacter"	"Acinetobacter_pittii"
"OTU_1223"	0.183233857004398	-0.157164073581136	0.996534570735402	-0.157710608539306	0.874684840710859	NA	"Bacteria"	"Firmicutes"	"Bacilli"	"Lactobacillales"	"Lactobacillaceae"	"lactobacilli"	"lactobacilli_gasseri"
"OTU_1236"	24.3791829900369	-0.342116819712819	0.147067984891892	-2.32624945506872	0.0200052467534896	0.0400104935069792	"Bacteria"	"Actinobacteriota"	"Actinobacteria"	"Bifidobacteriales"	"Bifidobacteriaceae"	"Bifidobacterium"	"Bifidobacterium_pseudocatenulatum"
"OTU_1238"	0	NA	NA	NA	NA	NA	"Bacteria"	"Firmicutes"	"Negativicutes"	"Veillonellales-Selenomonadales"	"Selenomonadaceae"	"Selenomonas"	"Selenomonas_ruminantium"
"OTU_1242"	0.105571108228436	0.425798544271551	1.5120768565274	0.281598479887742	0.77825140593067	NA	"Bacteria"	"Firmicutes"	"Bacilli"	"Erysipelotrichales"	"Erysipelatoclostridiaceae"	"Erysipelatoclostridium"	"Unclassified _Erysipelatoclostridium"
"OTU_1254"	1.98974350215464	1.19823815955595	0.520566436695717	2.30179680265546	0.0213466339590474	0.0404799607180466	"Bacteria"	"Proteobacteria"	"Gammaproteobacteria"	"Enterobacterales"	"Pasteurellaceae"	"Haemophilus"	"Haemophilus_parainfluenzae"
"OTU_1294"	0	NA	NA	NA	NA	NA	"Bacteria"	"Firmicutes"	"Clostridia"	"Lachnospirales"	"Lachnospiraceae"	"Coprococcus"	"Unclassified _Coprococcus"
"OTU_1318"	22.8233665924458	0.941189481452813	0.323546032297164	2.9089816826694	0.00362608104779014	0.0112825576382919	"Bacteria"	"Firmicutes"	"Bacilli"	"Lactobacillales"	"Enterococcaceae"	"Enterococcus"	"Enterococcus_mundtii"
"OTU_1320"	0.115639341511416	-0.279110530809438	1.37296425581132	-0.203290456854978	0.838908014123756	NA	"Bacteria"	"Actinobacteriota"	"Actinobacteria"	"Actinomycetales"	"Actinomycetaceae"	"Actinomyces"	"Unclassified _Actinomyces"
"OTU_1332"	0.0464676477128782	-0.0111085148606649	2.91796305837958	-0.00380694156794217	0.996962507436026	NA	"Bacteria"	"Proteobacteria"	"Gammaproteobacteria"	"Enterobacterales"	"Pasteurellaceae"	"Actinobacillus"	"Glaesserella_parasuis"
"OTU_1333"	10.7496482212148	1.82196585342858	0.627817220402013	2.9020641585172	0.00370712608115305	0.0112825576382919	"Bacteria"	"Firmicutes"	"Clostridia"	"Peptostreptococcales-Tissierellales"	"Peptostreptococcaceae"	"Terrisporobacter"	"Unclassified _Terrisporobacter"
"OTU_1351"	0.633301004259593	1.87456433661601	0.731360850322466	2.5631182415486	0.0103736713039366	0.0268947033805764	"Bacteria"	"Actinobacteriota"	"Actinobacteria"	"Corynebacteriales"	"Corynebacteriaceae"	"Corynebacterium"	"Unclassified _Corynebacterium"
"OTU_1357"	0	NA	NA	NA	NA	NA	"Bacteria"	"Firmicutes"	"Negativicutes"	"Acidaminococcales"	"Acidaminococcaceae"	"Succiniclasticum"	"Unclassified _Succiniclasticum"
"OTU_1364"	0.0365750378626895	-0.0111085148606648	2.91796305837958	-0.00380694156794215	0.996962507436026	NA	"Bacteria"	"Firmicutes"	"Clostridia"	"Lachnospirales"	"Lachnospiraceae"	"Lachnoclostridium"	"Faecalicatena_orotica"
"OTU_1381"	0	NA	NA	NA	NA	NA	"Bacteria"	"Firmicutes"	"Clostridia"	"Oscillospirales"	"Oscillospiraceae"	"UCG-002"	"uncultured_rumen"
"OTU_1385"	0.304447135459195	1.57595263946916	2.00343539177015	0.786625136973704	0.431501339843201	0.487178932081034	"Bacteria"	"Firmicutes"	"Clostridia"	"Oscillospirales"	"Butyricicoccaceae"	"Butyricicoccus"	"Unclassified _Butyricicoccus"
"OTU_1391"	0.00658755607040146	-0.26200986388988	2.91796305837958	-0.0897920428216048	0.928452471556279	NA	"Bacteria"	"Firmicutes"	"Clostridia"	"Oscillospirales"	"Ruminococcaceae"	"Ruminococcus"	"Unclassified _Ruminococcus"
"OTU_1393"	0	NA	NA	NA	NA	NA	"Bacteria"	"Firmicutes"	"Negativicutes"	"Veillonellales-Selenomonadales"	"Selenomonadaceae"	"Selenomonas"	"Unclassified _Selenomonas"
"OTU_1408"	0.0159255848149055	-0.199284526632576	2.91796305837958	-0.0682957675081891	0.945550193303422	NA	"Bacteria"	"Firmicutes"	"Clostridia"	"Oscillospirales"	"Unclassified_Oscillospirales"	"Unclassified_Oscillospirales"	"Unclassified_Oscillospirales"
"OTU_1417"	1.79154921901378	-1.9504211644769	0.774641032190845	-2.51783869356973	0.0118077383560828	0.0279587279349892	"Bacteria"	"Firmicutes"	"Bacilli"	"Lactobacillales"	"Lactobacillaceae"	"lactobacilli"	"Unclassified _lactobacilli"
"OTU_1426"	2.14823747969795	-0.247759529400219	0.261675316032946	-0.946820407657499	0.343730300871953	0.429662876089942	"Bacteria"	"Actinobacteriota"	"Coriobacteriia"	"Coriobacteriales"	"Coriobacteriaceae"	"Collinsella"	"Unclassified _Collinsella"
"OTU_1428"	0.137926122458309	-0.281961634197358	1.37069618962424	-0.205706878250426	0.837019885400239	NA	"Bacteria"	"Proteobacteria"	"Gammaproteobacteria"	"Enterobacterales"	"Enterobacteriaceae"	"Klebsiella"	"Klebsiella_aerogenes"
"OTU_1450"	89.0536115572078	0.907984859543073	0.298732211151842	3.03946084703117	0.00237002006301992	0.00921674468952189	"Bacteria"	"Firmicutes"	"Bacilli"	"Staphylococcales"	"Staphylococcaceae"	"Staphylococcus"	"Staphylococcus_epidermidis"
"OTU_1453"	0.286068464079335	0.833575158640068	1.00796553515235	0.826987758578546	0.408243999904734	0.468476721202154	"Bacteria"	"Firmicutes"	"Clostridia"	"Lachnospirales"	"Lachnospiraceae"	"Lachnospiraceae_UCG-008"	"Unclassified _Lachnospiraceae_UCG-008"
"OTU_1465"	0.0357519199575884	-0.0738338521179686	2.91796305837958	-0.0253032168813578	0.979813108053664	NA	"Bacteria"	"Firmicutes"	"Clostridia"	"Oscillospirales"	"Oscillospiraceae"	"NK4A214_group"	"Unclassified _NK4A214_group"
"OTU_1469"	0.0363099941379158	-0.0738338521179686	2.91796305837958	-0.0253032168813578	0.979813108053664	NA	"Bacteria"	"Firmicutes"	"Clostridia"	"Peptostreptococcales-Tissierellales"	"Peptostreptococcaceae"	"uncultured"	"Unclassified _uncultured"
"OTU_1476"	0.0412903786678694	-0.393162271022361	2.91796305837958	-0.134738604689771	0.892818549357922	NA	"Bacteria"	"Actinobacteriota"	"Actinobacteria"	"Bifidobacteriales"	"Bifidobacteriaceae"	"Unclassified_Bifidobacteriaceae"	"Unclassified_Bifidobacteriaceae"
"OTU_1483"	3432.0506128976	-1.07371286059803	0.421148662676548	-2.54948657268484	0.0107881665306517	0.0269704163266293	"Bacteria"	"Firmicutes"	"Bacilli"	"Lactobacillales"	"Streptococcaceae"	"Streptococcus"	"Streptococcus_gallolyticus"
"OTU_1484"	0.016553902864687	-0.199284526632576	2.91796305837958	-0.0682957675081891	0.945550193303422	NA	"Bacteria"	"Desulfobacterota"	"Desulfovibrionia"	"Desulfovibrionales"	"Desulfovibrionaceae"	"Bilophila"	"Unclassified _Bilophila"
"OTU_1487"	13.8584395821338	-4.28234510135512	0.609633439011243	-7.0244590065476	2.14897256765494e-12	5.01426932452819e-11	"Bacteria"	"Firmicutes"	"Bacilli"	"Lactobacillales"	"Lactobacillaceae"	"Leuconostoc"	"Leuconostoc_lactis"
"OTU_1492"	0	NA	NA	NA	NA	NA	"Bacteria"	"Firmicutes"	"Bacilli"	"Lactobacillales"	"Lactobacillaceae"	"lactobacilli"	"lactobacilli_acidophilus"
"OTU_1498"	46.6575406184202	3.62667526162089	0.613486511243902	5.9115810945337	0.00000000338839372749449	0.0000000474375121849228	"Bacteria"	"Firmicutes"	"Clostridia"	"Lachnospirales"	"Lachnospiraceae"	"Lachnoclostridium"	"Unclassified _Lachnoclostridium"
"OTU_1508"	0.222762969436312	0.396925493930515	1.14010992970184	0.348146686200968	0.727730024278261	NA	"Bacteria"	"Firmicutes"	"Clostridia"	"Peptostreptococcales-Tissierellales"	"Family_XI"	"Finegoldia"	"Finegoldia_magna"
"OTU_1517"	0	NA	NA	NA	NA	NA	"Bacteria"	"Firmicutes"	"Clostridia"	"Lachnospirales"	"Lachnospiraceae"	"Syntrophococcus"	"Unclassified _Syntrophococcus"
"OTU_1522"	0	NA	NA	NA	NA	NA	"Bacteria"	"Firmicutes"	"Bacilli"	"Lactobacillales"	"Lactobacillaceae"	"Lacticaseibacillus"	"Unclassified _Lacticaseibacillus"
"OTU_1524"	0.328259278304163	1.22871351217229	1.3228324582949	0.928850440936464	0.352966599590003	0.43346775388246	"Bacteria"	"Firmicutes"	"Clostridia"	"Lachnospirales"	"Lachnospiraceae"	"Epulopiscium"	"Unclassified _Epulopiscium"
"OTU_1527"	0.158480355878877	-0.28694376473024	1.09576760570876	-0.261865529912832	0.793425115636767	NA	"Bacteria"	"Proteobacteria"	"Gammaproteobacteria"	"Enterobacterales"	"Yersiniaceae"	"Serratia"	"Serratia_marcescens"
